feature,importance,spatial_r2
DEM_mean,0.3710847249906994,0.7771487244756522
Slope_mean,0.07352471545227955,0.5763273876495988
NDVI_May25,0.06023899054020171,0.6973631047490269
NDVI_Jan25,0.04505486245425642,0.5507244559497653
NDVI_Feb25,0.043817875990278705,0.5000290089399444
NDVI_Sep24,0.042824873788129554,0.6011659411701717
NDVI_Apr25,0.04121998351497431,0.6737061631310053
NDVI_Aug24,0.035394882372435404,0.43634150657014636
NDVI_Mar25,0.032119730718143925,0.5061244901040485
NDVI_Jun24,0.03177396742303058,0.5469134379899623
NDVI_Jul24,0.030199286619740848,0.439493487309202
NDVI_Dec24,0.029808803058366813,0.6046647876860249
NDVI_Oct24,0.028704813152707634,0.5510756351207833
Kharif_Lud,0.02785298737752758,0.4468231779138431
NDVI_Nov24,0.027237950271885882,0.5745822883990899
NDWI_Rabi_,0.026843434782368086,0.3495880541909322
Kharif_pea,0.026654714854880503,0.39329229105666175
Rabi_Peak_,0.025643402638093178,0.2938302986815283
