Predicted_NPP,AGC_tC_ha,True_NPP
1059.8225,10.5982,850.0
949.3207,9.4932,870.0
612.7284,6.1273,617.0
942.3905,9.4239,1198.0
1326.7869,13.2679,1358.0
1491.7465,14.9175,1890.0
1168.4293,11.6843,1025.0
2085.2809,20.8528,2129.0
991.0726,9.9107,986.0
1022.3642,10.2236,936.0
1902.4194,19.0242,1849.0
2198.7881,21.9879,2320.0
1987.9023,19.879,2286.0
1577.1774,15.7718,417.0
1793.9865,17.9399,855.0
2195.8936,21.9589,2242.0
1148.3865,11.4839,2008.0
2012.5322,20.1253,2033.0
917.9052,9.1791,868.0
1398.9865,13.9899,1213.0
1002.1164,10.0212,987.0
1803.5535,18.0355,2319.0
1690.4945,16.9049,1926.0
1224.2295,12.2423,863.0
1511.9538,15.1195,1782.0
1694.2578,16.9426,1683.0
1343.5702,13.4357,1844.0
981.3502,9.8135,1012.0
1813.081,18.1308,1681.0
2251.1558,22.5116,2411.0
994.0997,9.941,1026.0
2056.9634,20.5696,2099.0
1050.8174,10.5082,16.0
1174.8218,11.7482,1514.0
2139.3492,21.3935,2221.0
2104.3406,21.0434,2230.0
1079.5094,10.7951,1451.0
1168.4424,11.6844,1286.0
2020.8395,20.2084,1989.0
1513.3389,15.1334,1301.0
1229.7873,12.2979,1540.0
1100.5403,11.0054,1108.0
1458.2502,14.5825,1820.0
1098.4742,10.9847,1063.0
1156.6311,11.5663,230.0
1211.7426,12.1174,1347.0
1583.427,15.8343,1859.0
1900.3189,19.0032,1716.0
1162.4898,11.6249,1307.0
1358.7247,13.5872,1835.0
2133.8973,21.339,2384.0
1897.3163,18.9732,2335.0
1887.5451,18.8755,2253.0
842.9747,8.4297,1693.0
1922.199,19.222,1932.0
450.1464,4.5015,788.0
1860.7074,18.6071,1925.0
2151.3355,21.5134,2233.0
2147.4983,21.475,2206.0
2339.6638,23.3966,2624.0
1381.2222,13.8122,2421.0
1552.0262,15.5203,1644.0
1331.9084,13.3191,1269.0
1653.042,16.5304,2022.0
899.783,8.9978,832.0
2099.0354,20.9904,2139.0
1582.6981,15.827,1831.0
1485.3644,14.8536,1419.0
2000.9006,20.009,2268.0
955.7994,9.558,1166.0
1849.0828,18.4908,1765.0
982.6253,9.8263,771.0
1729.7306,17.2973,1932.0
997.1767,9.9718,893.0
1294.3993,12.944,277.0
1094.576,10.9458,1271.0
1626.7517,16.2675,1940.0
1885.5098,18.8551,2066.0
1721.44,17.2144,1899.0
1721.2983,17.213,1257.0
928.389,9.2839,687.0
2137.7716,21.3777,2115.0
1365.7823,13.6578,364.0
1378.8839,13.7888,1564.0
1728.0365,17.2804,1989.0
2049.0654,20.4907,2282.0
2216.9763,22.1698,2235.0
1864.576,18.6458,2260.0
1951.2058,19.5121,2115.0
1366.9062,13.6691,1579.0
883.5308,8.8353,826.0
1460.2244,14.6022,1585.0
978.1267,9.7813,692.0
1495.8242,14.9582,2426.0
997.0786,9.9708,1077.0
1247.5507,12.4755,1386.0
882.8618,8.8286,744.0
1571.3771,15.7138,2157.0
868.6281,8.6863,1052.0
1676.721,16.7672,2485.0
985.6913,9.8569,974.0
635.5106,6.3551,915.0
1519.3736,15.1937,1672.0
1674.9374,16.7494,2011.0
1350.9982,13.51,1713.0
811.3135,8.1131,1157.0
1709.9853,17.0999,829.0
1048.998,10.49,950.0
2120.2071,21.2021,2193.0
1599.2408,15.9924,231.0
1501.0797,15.0108,2223.0
1345.437,13.4544,1587.0
1605.3217,16.0532,2256.0
1091.0766,10.9108,1162.0
1154.1797,11.5418,1214.0
2382.5198,23.8252,2455.0
1164.3857,11.6439,1142.0
1429.8466,14.2985,1110.0
2307.2309,23.0723,2566.0
823.8381,8.2384,965.0
2119.972,21.1997,2206.0
1080.1969,10.802,1419.0
1577.8421,15.7784,1593.0
1444.5773,14.4458,1464.0
1043.2531,10.4325,1121.0
1282.2172,12.8222,1343.0
757.1646,7.5716,727.0
2291.5242,22.9152,2559.0
1258.3504,12.5835,94.0
2048.2309,20.4823,2094.0
606.4107,6.0641,425.0
1276.5365,12.7654,548.0
1288.5735,12.8857,1433.0
1495.948,14.9595,1328.0
1942.0598,19.4206,2207.0
2395.6683,23.9567,2662.0
1435.0303,14.3503,1426.0
1244.3826,12.4438,1103.0
668.9253,6.6893,723.0
2024.8817,20.2488,2340.0
1168.4002,11.684,1065.0
1934.31,19.3431,2209.0
1679.3011,16.793,1398.0
1679.7671,16.7977,1945.0
1148.5659,11.4857,1349.0
2192.2878,21.9229,2153.0
1432.3292,14.3233,1225.0
2070.2145,20.7021,2176.0
1703.1223,17.0312,2311.0
895.3295,8.9533,954.0
1906.9913,19.0699,1800.0
1552.3859,15.5239,2458.0
1471.605,14.7161,1571.0
1454.2832,14.5428,1726.0
1071.8832,10.7188,1238.0
1422.4071,14.2241,1816.0
1962.7753,19.6278,2103.0
1300.897,13.009,1601.0
723.8437,7.2384,564.0
1135.264,11.3526,1109.0
1910.9128,19.1091,2380.0
2318.8545,23.1885,2452.0
819.83,8.1983,686.0
1490.6936,14.9069,1194.0
1324.9927,13.2499,1460.0
1188.1732,11.8817,856.0
733.4496,7.3345,914.0
1820.2971,18.203,2143.0
1077.7263,10.7773,1260.0
1155.7565,11.5576,1628.0
1771.8559,17.7186,273.0
1673.5503,16.7355,1139.0
2076.2324,20.7623,2454.0
1109.1994,11.092,1488.0
1335.912,13.3591,1417.0
1283.7083,12.8371,1198.0
1827.7709,18.2777,1867.0
735.0275,7.3503,694.0
1075.6835,10.7568,1096.0
1717.0501,17.1705,1842.0
2150.8417,21.5084,2263.0
792.2635,7.9226,701.0
1271.0768,12.7108,1605.0
1403.1105,14.0311,1618.0
941.4964,9.415,1151.0
1602.308,16.0231,2481.0
919.8317,9.1983,875.0
1772.9701,17.7297,1972.0
1602.7316,16.0273,1527.0
1016.9248,10.1692,934.0
1624.3064,16.2431,2129.0
727.1981,7.272,625.0
2023.4712,20.2347,1991.0
1196.7925,11.9679,1502.0
1846.1465,18.4615,110.0
832.0336,8.3203,962.0
996.1465,9.9615,1192.0
1770.4854,17.7049,2127.0
708.2904,7.0829,855.0
1654.973,16.5497,1980.0
1082.9289,10.8293,1021.0
890.0804,8.9008,491.0
882.8402,8.8284,1029.0
1122.9343,11.2293,347.0
721.5448,7.2154,917.0
2255.7652,22.5577,394.0
1642.9834,16.4298,1710.0
995.4738,9.9547,1307.0
725.7231,7.2572,878.0
1550.6962,15.507,1820.0
2217.3843,22.1738,2341.0
1647.5264,16.4753,1586.0
936.5504,9.3655,628.0
1877.0087,18.7701,2232.0
847.2641,8.4726,1126.0
1684.3944,16.8439,1627.0
2164.5498,21.6455,2319.0
859.9427,8.5994,188.0
1147.1783,11.4718,819.0
1166.6286,11.6663,1048.0
1357.3427,13.5734,105.0
463.707,4.6371,232.0
1901.2019,19.012,2032.0
1405.0903,14.0509,1640.0
1048.7169,10.4872,1475.0
1232.4469,12.3245,1892.0
2093.1886,20.9319,2315.0
876.2418,8.7624,912.0
1212.5498,12.1255,1127.0
2135.0003,21.35,2425.0
957.0134,9.5701,1356.0
1116.0642,11.1606,109.0
1276.6576,12.7666,1492.0
1344.5072,13.4451,1119.0
1388.9149,13.8891,1243.0
1044.2743,10.4427,853.0
1505.0362,15.0504,1062.0
1191.7982,11.918,1188.0
1656.3303,16.5633,1980.0
1708.6525,17.0865,1561.0
1525.3833,15.2538,1963.0
1023.5186,10.2352,94.0
2040.1368,20.4014,2221.0
1612.0201,16.1202,1072.0
1765.7364,17.6574,2234.0
1947.9352,19.4794,2168.0
1945.2289,19.4523,664.0
1892.5265,18.9253,880.0
1342.3055,13.4231,1595.0
2177.115,21.7712,1068.0
1841.9201,18.4192,531.0
1935.8016,19.358,1903.0
2259.0818,22.5908,2194.0
1986.0538,19.8605,2231.0
1271.9421,12.7194,1199.0
1648.7276,16.4873,2006.0
1689.5913,16.8959,1799.0
1343.197,13.432,2305.0
1337.7667,13.3777,775.0
1130.9838,11.3098,1099.0
878.4763,8.7848,867.0
727.9153,7.2792,221.0
933.7033,9.337,1138.0
931.5108,9.3151,693.0
1701.1379,17.0114,2354.0
1861.5332,18.6153,2102.0
799.9422,7.9994,649.0
980.1287,9.8013,942.0
1190.416,11.9042,1717.0
1204.4825,12.0448,1471.0
1219.8153,12.1982,1663.0
1614.2666,16.1427,1225.0
1914.3415,19.1434,1757.0
1791.7014,17.917,2018.0
637.8168,6.3782,904.0
689.714,6.8971,234.0
1360.37,13.6037,1269.0
2027.9062,20.2791,2261.0
1359.4374,13.5944,238.0
1305.702,13.057,2059.0
1021.3322,10.2133,966.0
1619.7422,16.1974,1789.0
2064.681,20.6468,2302.0
877.5329,8.7753,1026.0
2007.139,20.0714,2276.0
786.1128,7.8611,1056.0
965.7883,9.6579,997.0
944.4476,9.4445,1068.0
1478.552,14.7855,1634.0
1806.6909,18.0669,2161.0
1572.0436,15.7204,1294.0
1089.4071,10.8941,688.0
1425.5795,14.2558,1693.0
1320.2863,13.2029,1465.0
1132.7484,11.3275,975.0
1473.7447,14.7374,1718.0
1492.5986,14.926,1650.0
1394.5881,13.9459,1760.0
1236.9225,12.3692,410.0
1066.4841,10.6648,49.0
1583.2349,15.8323,1702.0
2037.1935,20.3719,2346.0
1909.5711,19.0957,2163.0
1145.6247,11.4562,1326.0
1202.5318,12.0253,1327.0
1170.2019,11.702,1160.0
1485.0739,14.8507,1487.0
1085.9377,10.8594,1125.0
1488.7093,14.8871,528.0
1009.7662,10.0977,1433.0
1576.6297,15.7663,1800.0
2466.2188,24.6622,2491.0
2081.4956,20.815,2097.0
1777.238,17.7724,2260.0
1154.0939,11.5409,1272.0
1818.7558,18.1876,2621.0
2009.1932,20.0919,2397.0
1724.0304,17.2403,1952.0
1693.1076,16.9311,874.0
1786.2531,17.8625,1995.0
896.9097,8.9691,1375.0
838.1122,8.3811,886.0
2027.8515,20.2785,1980.0
1960.2103,19.6021,2388.0
2091.0917,20.9109,2325.0
2350.6838,23.5068,2277.0
1981.7453,19.8175,1269.0
1448.6123,14.4861,1455.0
1669.1851,16.6919,1887.0
2190.7325,21.9073,2736.0
1630.2307,16.3023,1838.0
1137.379,11.3738,1239.0
1247.8831,12.4788,1243.0
2232.7085,22.3271,2691.0
1908.1124,19.0811,2355.0
1847.8381,18.4784,1789.0
1401.1292,14.0113,1517.0
1133.5154,11.3352,1348.0
2098.2039,20.982,2262.0
912.9401,9.1294,1011.0
766.2377,7.6624,646.0
1660.3212,16.6032,1962.0
1122.2212,11.2222,1447.0
1267.3847,12.6738,1238.0
1817.9158,18.1792,1457.0
1761.5134,17.6151,2235.0
1098.5859,10.9859,846.0
1033.3005,10.333,1256.0
1324.085,13.2408,204.0
1106.2275,11.0623,1446.0
1188.2369,11.8824,1413.0
1641.4407,16.4144,1674.0
2073.323,20.7332,2401.0
1932.3288,19.3233,2085.0
550.3734,5.5037,1015.0
1875.9987,18.76,2057.0
1123.0585,11.2306,1013.0
1020.4819,10.2048,667.0
2287.3352,22.8734,2675.0
840.0149,8.4001,769.0
2085.9387,20.8594,2277.0
1732.1279,17.3213,2143.0
2114.9305,21.1493,1081.0
858.8742,8.5887,759.0
704.2536,7.0425,602.0
1934.7101,19.3471,2364.0
2288.9467,22.8895,2201.0
1199.6868,11.9969,1023.0
1104.3829,11.0438,1144.0
802.4792,8.0248,1157.0
2405.355,24.0536,2574.0
1364.3821,13.6438,1474.0
1429.4094,14.2941,443.0
1546.1352,15.4614,1934.0
1786.4117,17.8641,319.0
623.2165,6.2322,669.0
889.6324,8.8963,1007.0
910.3621,9.1036,999.0
1389.9189,13.8992,1761.0
761.2218,7.6122,663.0
1237.8277,12.3783,1434.0
1356.3655,13.5637,581.0
952.7511,9.5275,1394.0
1637.9416,16.3794,2172.0
871.2464,8.7125,706.0
1137.3195,11.3732,1178.0
1388.8646,13.8886,1342.0
956.3835,9.5638,1224.0
2237.8613,22.3786,2401.0
830.1023,8.301,589.0
2209.78,22.0978,2125.0
2016.3666,20.1637,1216.0
1593.043,15.9304,847.0
1398.0512,13.9805,1870.0
1426.2353,14.2624,636.0
2024.832,20.2483,2431.0
1030.9869,10.3099,298.0
643.0461,6.4305,711.0
1470.5573,14.7056,2205.0
1947.2514,19.4725,2270.0
950.3426,9.5034,954.0
2173.7941,21.7379,2477.0
902.5869,9.0259,1065.0
1007.6352,10.0764,1737.0
1711.453,17.1145,2560.0
1938.0034,19.38,2071.0
1381.2936,13.8129,1452.0
1104.9049,11.049,1330.0
972.7278,9.7273,911.0
1701.1664,17.0117,562.0
2311.4704,23.1147,2391.0
1098.2168,10.9822,1201.0
711.43,7.1143,823.0
782.2664,7.8227,723.0
645.836,6.4584,1017.0
1174.1255,11.7413,1059.0
1420.2777,14.2028,1839.0
1119.1267,11.1913,983.0
2081.8393,20.8184,2323.0
2054.9178,20.5492,2075.0
662.7366,6.6274,673.0
1393.1643,13.9316,1541.0
1705.43,17.0543,18.0
1127.4622,11.2746,1439.0
959.1061,9.5911,35.0
2351.3004,23.513,2492.0
996.8538,9.9685,1594.0
2096.8357,20.9684,2220.0
924.2388,9.2424,996.0
1815.0356,18.1504,2688.0
748.2119,7.4821,905.0
2288.0017,22.88,2280.0
2250.7839,22.5078,2622.0
820.8233,8.2082,706.0
2192.0713,21.9207,2187.0
565.3816,5.6538,450.0
1918.051,19.1805,1926.0
1175.8504,11.7585,1387.0
807.4347,8.0743,389.0
1622.024,16.2202,1950.0
1564.2678,15.6427,281.0
1617.1492,16.1715,2043.0
1335.5639,13.3556,1084.0
2100.8919,21.0089,2262.0
1820.9581,18.2096,1939.0
1461.1237,14.6112,1369.0
2327.921,23.2792,2312.0
982.0106,9.8201,956.0
1043.1533,10.4315,1157.0
998.2044,9.982,2014.0
1386.6746,13.8667,1153.0
926.8421,9.2684,627.0
1326.2791,13.2628,1542.0
1896.2172,18.9622,2039.0
2039.9101,20.3991,2271.0
1152.3205,11.5232,878.0
1607.8247,16.0782,2039.0
1679.4818,16.7948,1444.0
1277.3137,12.7731,264.0
2246.5824,22.4658,1455.0
1277.5332,12.7753,1243.0
1122.8515,11.2285,1211.0
619.4693,6.1947,733.0
1372.8996,13.729,2076.0
1618.844,16.1884,2514.0
1730.6806,17.3068,2414.0
1411.1695,14.1117,1796.0
2028.1608,20.2816,2311.0
2030.8297,20.3083,2399.0
1879.8484,18.7985,2110.0
904.1434,9.0414,1172.0
550.1934,5.5019,884.0
1530.4772,15.3048,1480.0
1208.893,12.0889,1108.0
823.6055,8.2361,836.0
1267.2669,12.6727,1434.0
2326.42,23.2642,2596.0
982.8597,9.8286,1062.0
529.9572,5.2996,542.0
1146.605,11.4661,465.0
971.5074,9.7151,885.0
891.6631,8.9166,933.0
974.6715,9.7467,858.0
1966.573,19.6657,1432.0
1442.2505,14.4225,1674.0
1942.933,19.4293,2228.0
2204.7146,22.0471,2300.0
635.3004,6.353,946.0
1922.2288,19.2223,2484.0
921.9976,9.22,89.0
1590.1544,15.9015,1505.0
1926.9886,19.2699,2072.0
1885.1709,18.8517,2276.0
2306.687,23.0669,2172.0
738.8841,7.3888,489.0
869.2416,8.6924,792.0
1307.1758,13.0718,1425.0
823.9599,8.2396,587.0
953.9216,9.5392,452.0
648.0084,6.4801,817.0
1555.4609,15.5546,1778.0
1036.1907,10.3619,1008.0
657.6678,6.5767,602.0
1353.5841,13.5358,851.0
1092.0043,10.92,1167.0
1905.0552,19.0506,2149.0
1872.2695,18.7227,1885.0
1146.1356,11.4614,1305.0
839.6402,8.3964,640.0
740.8143,7.4081,527.0
1160.048,11.6005,938.0
1877.84,18.7784,2202.0
1113.1981,11.132,1309.0
1575.4579,15.7546,1762.0
1311.412,13.1141,1389.0
2173.1167,21.7312,2165.0
1767.1241,17.6712,1457.0
1974.0807,19.7408,2169.0
1018.9443,10.1894,811.0
1940.1715,19.4017,2215.0
1879.5611,18.7956,2261.0
715.0235,7.1502,703.0
2100.005,21.0,2498.0
962.6567,9.6266,562.0
1107.3426,11.0734,1165.0
1563.5401,15.6354,1246.0
1605.1158,16.0512,1350.0
1416.6159,14.1662,1576.0
1952.9176,19.5292,2273.0
1097.5876,10.9759,1294.0
1037.8023,10.378,674.0
1024.232,10.2423,1333.0
1332.9334,13.3293,1744.0
1387.2267,13.8723,1307.0
1571.9621,15.7196,2387.0
470.9874,4.7099,50.0
1345.5804,13.4558,1618.0
2345.3095,23.4531,2276.0
773.9241,7.7392,730.0
924.1533,9.2415,901.0
1151.1725,11.5117,1214.0
1627.4456,16.2745,2077.0
1940.3282,19.4033,607.0
1369.7425,13.6974,74.0
1919.5165,19.1952,1998.0
1277.4029,12.774,1258.0
1049.3152,10.4932,810.0
2230.5173,22.3052,2203.0
1959.529,19.5953,747.0
1661.2429,16.6124,2263.0
1735.6986,17.357,1880.0
1354.6623,13.5466,973.0
1435.6835,14.3568,1608.0
2293.2152,22.9322,2531.0
1416.7144,14.1671,1324.0
1983.7968,19.838,2276.0
709.4891,7.0949,679.0
2068.7233,20.6872,2180.0
1876.9719,18.7697,519.0
2000.3142,20.0031,1120.0
1226.497,12.265,1617.0
1878.0132,18.7801,2242.0
643.0337,6.4303,548.0
2235.318,22.3532,2236.0
822.0971,8.221,784.0
1005.5229,10.0552,592.0
1229.7474,12.2975,1479.0
1655.067,16.5507,2232.0
2152.7347,21.5273,2206.0
2035.2895,20.3529,2064.0
1271.2963,12.713,1321.0
852.1303,8.5213,1011.0
1577.7751,15.7778,1444.0
2159.4236,21.5942,2394.0
1258.4454,12.5845,855.0
961.6485,9.6165,1261.0
2017.3675,20.1737,2416.0
1060.3796,10.6038,94.0
1856.2567,18.5626,1791.0
774.3285,7.7433,314.0
1227.4172,12.2742,1446.0
1079.4666,10.7947,1162.0
1498.1306,14.9813,2311.0
2233.6995,22.337,2518.0
970.8356,9.7084,289.0
529.9389,5.2994,617.0
1608.1487,16.0815,2098.0
1394.5238,13.9452,1621.0
866.2682,8.6627,811.0
2039.269,20.3927,2391.0
1630.2522,16.3025,2225.0
1261.9329,12.6193,1696.0
1306.6589,13.0666,1381.0
1551.605,15.5161,2174.0
2021.5717,20.2157,2159.0
2010.6456,20.1065,1855.0
1416.3875,14.1639,1746.0
2458.3333,24.5833,2632.0
1725.4705,17.2547,995.0
1344.2,13.442,1386.0
924.0197,9.2402,1073.0
726.3778,7.2638,662.0
1162.2882,11.6229,956.0
1490.6661,14.9067,1171.0
1260.4419,12.6044,520.0
922.3555,9.2236,909.0
1091.2253,10.9123,1015.0
1114.5921,11.1459,1052.0
826.1069,8.2611,880.0
1266.8474,12.6685,481.0
2061.9395,20.6194,2195.0
509.5166,5.0952,231.0
1185.7173,11.8572,1099.0
2190.7852,21.9079,2471.0
1345.0434,13.4504,1652.0
1692.2839,16.9228,593.0
2104.1266,21.0413,2338.0
1221.0601,12.2106,1152.0
1464.1611,14.6416,1668.0
2133.2989,21.333,2083.0
1285.6816,12.8568,1417.0
2231.9405,22.3194,2415.0
842.8706,8.4287,1133.0
938.7277,9.3873,1058.0
2075.0824,20.7508,2315.0
1519.0616,15.1906,284.0
1191.1358,11.9114,1255.0
2201.1621,22.0116,2337.0
2228.3626,22.2836,2284.0
939.2995,9.393,996.0
2029.8711,20.2987,1021.0
1088.5857,10.8859,1158.0
1565.1123,15.6511,2418.0
1755.1836,17.5518,2414.0
684.1371,6.8414,708.0
1708.5782,17.0858,1379.0
1756.795,17.5679,1963.0
1160.0364,11.6004,1576.0
1068.3009,10.683,1454.0
1867.6164,18.6762,2191.0
1500.9299,15.0093,2479.0
825.9238,8.2592,817.0
1218.872,12.1887,1309.0
1737.9228,17.3792,1863.0
1321.3833,13.2138,1694.0
2128.4635,21.2846,1104.0
1160.2865,11.6029,1156.0
1263.3036,12.633,1715.0
1005.3949,10.0539,1191.0
2218.1505,22.1815,2378.0
1613.8238,16.1382,1633.0
1147.5954,11.476,1405.0
2020.6819,20.2068,1906.0
1152.5677,11.5257,1162.0
1336.5021,13.365,1638.0
1204.4795,12.0448,1522.0
1324.0089,13.2401,759.0
960.1157,9.6012,1399.0
1285.0222,12.8502,1504.0
1185.0008,11.85,1400.0
1540.4133,15.4041,2464.0
1427.0798,14.2708,1137.0
2111.9712,21.1197,2349.0
898.7817,8.9878,920.0
1263.5408,12.6354,1466.0
2040.4735,20.4047,2039.0
943.7528,9.4375,966.0
1848.5649,18.4856,1796.0
1748.0219,17.4802,2383.0
413.3651,4.1337,279.0
1472.567,14.7257,1606.0
1951.7104,19.5171,2215.0
1911.2141,19.1121,1988.0
1587.1515,15.8715,1480.0
878.605,8.7861,2120.0
690.526,6.9053,397.0
1165.1193,11.6512,1435.0
2255.2816,22.5528,2422.0
883.4809,8.8348,987.0
1516.3018,15.163,2512.0
770.6464,7.7065,373.0
1714.8491,17.1485,2092.0
1471.2275,14.7123,1691.0
1512.3479,15.1235,1967.0
2179.0234,21.7902,2384.0
1849.9234,18.4992,2085.0
1013.9198,10.1392,1066.0
1396.6667,13.9667,1536.0
1214.2812,12.1428,1120.0
1172.4117,11.7241,1332.0
888.4977,8.885,1218.0
1238.0373,12.3804,1266.0
1216.5381,12.1654,1019.0
935.6803,9.3568,821.0
1687.6403,16.8764,2018.0
2021.7837,20.2178,1976.0
1118.4322,11.1843,932.0
1270.5668,12.7057,1799.0
2110.8467,21.1085,640.0
942.6265,9.4263,1182.0
1436.5383,14.3654,1846.0
1049.2297,10.4923,1185.0
1139.8218,11.3982,1174.0
934.9443,9.3494,477.0
1748.4476,17.4845,1926.0
2082.3714,20.8237,1785.0
1287.0786,12.8708,1732.0
2215.2255,22.1523,2239.0
1127.3078,11.2731,1217.0
2041.9861,20.4199,2325.0
1080.2845,10.8028,1389.0
1030.8398,10.3084,1432.0
1561.5388,15.6154,1731.0
1163.8427,11.6384,1225.0
1121.2752,11.2128,1289.0
1683.4653,16.8347,430.0
1849.2346,18.4923,1955.0
1492.0858,14.9209,1572.0
1402.9881,14.0299,1410.0
890.763,8.9076,413.0
857.8736,8.5787,873.0
1797.1566,17.9716,2009.0
1082.5736,10.8257,1388.0
1289.2166,12.8922,793.0
886.8292,8.8683,840.0
789.1919,7.8919,872.0
1413.0181,14.1302,538.0
927.6754,9.2768,491.0
959.3087,9.5931,69.0
1240.0832,12.4008,1277.0
1469.9959,14.7,1789.0
1422.5504,14.2255,1267.0
1301.1928,13.0119,1609.0
1914.8138,19.1481,2199.0
1050.1443,10.5014,1543.0
2211.695,22.117,2607.0
1787.4272,17.8743,1912.0
1781.7099,17.8171,422.0
1831.8001,18.318,1411.0
1043.2681,10.4327,1272.0
1174.3407,11.7434,887.0
1647.741,16.4774,2148.0
879.6116,8.7961,1054.0
815.6677,8.1567,344.0
1458.213,14.5821,1459.0
1342.4538,13.4245,1311.0
1334.7741,13.3477,1787.0
1446.4066,14.4641,2261.0
1103.6913,11.0369,1285.0
2215.2358,22.1524,2108.0
1235.1942,12.3519,684.0
1120.8448,11.2084,1129.0
1202.4602,12.0246,1549.0
1398.3432,13.9834,1679.0
2124.5613,21.2456,2209.0
1220.1782,12.2018,1008.0
2206.4556,22.0646,2313.0
1554.3118,15.5431,1975.0
1563.1571,15.6316,2124.0
958.1053,9.5811,517.0
876.9511,8.7695,1219.0
758.2839,7.5828,1012.0
971.842,9.7184,1108.0
1969.5563,19.6956,1982.0
1076.3507,10.7635,1116.0
1536.4609,15.3646,1012.0
2193.6708,21.9367,2295.0
2072.4782,20.7248,2114.0
847.4804,8.4748,929.0
493.8743,4.9387,389.0
1118.2955,11.183,1274.0
2035.6488,20.3565,2096.0
1187.8246,11.8782,269.0
885.4431,8.8544,1082.0
823.7165,8.2372,1213.0
1385.489,13.8549,1336.0
1801.2709,18.0127,2092.0
656.9463,6.5695,368.0
2211.787,22.1179,2408.0
1514.3152,15.1432,1893.0
1995.5742,19.9557,313.0
1925.1874,19.2519,2261.0
1053.9264,10.5393,1067.0
2007.105,20.0711,2105.0
2235.3939,22.3539,2736.0
1144.2343,11.4423,607.0
946.7223,9.4672,965.0
1704.0439,17.0404,313.0
1337.4716,13.3747,1172.0
998.2578,9.9826,1011.0
1185.201,11.852,1263.0
1645.027,16.4503,1856.0
1880.1626,18.8016,1823.0
1529.7977,15.298,1302.0
1308.9419,13.0894,1319.0
417.4831,4.1748,249.0
1352.1563,13.5216,1369.0
1084.2546,10.8425,1106.0
1183.7924,11.8379,1150.0
1102.1497,11.0215,66.0
2129.8142,21.2981,2434.0
1244.2626,12.4426,1890.0
1103.4562,11.0346,1726.0
1392.3752,13.9238,1778.0
1610.9296,16.1093,1842.0
1119.9528,11.1995,775.0
1354.7968,13.548,1153.0
670.4221,6.7042,605.0
1601.5499,16.0155,1870.0
923.061,9.2306,934.0
1520.1389,15.2014,1552.0
1858.5478,18.5855,2007.0
1319.4922,13.1949,2078.0
1112.3597,11.1236,1075.0
1973.1128,19.7311,2130.0
1373.5239,13.7352,1153.0
802.8247,8.0282,1496.0
2002.4148,20.0241,2103.0
2378.3841,23.7838,2439.0
1148.7483,11.4875,949.0
2117.58,21.1758,2326.0
1077.7006,10.777,1308.0
866.6317,8.6663,673.0
1581.6183,15.8162,1640.0
1182.7784,11.8278,1101.0
2113.5223,21.1352,708.0
1350.5261,13.5053,1865.0
1990.5022,19.905,1858.0
907.6966,9.077,962.0
1544.5822,15.4458,877.0
848.9947,8.4899,1568.0
2201.4881,22.0149,2496.0
2223.9782,22.2398,2366.0
1103.9802,11.0398,206.0
1101.7156,11.0172,1490.0
1312.1823,13.1218,1137.0
1381.4036,13.814,1579.0
2033.9921,20.3399,2212.0
1110.1717,11.1017,1301.0
1200.1946,12.0019,1161.0
2304.7633,23.0476,2518.0
1047.9742,10.4797,1365.0
2211.256,22.1126,2284.0
2037.764,20.3776,2256.0
1946.0223,19.4602,2140.0
1991.8284,19.9183,2295.0
806.099,8.061,941.0
1415.7369,14.1574,1490.0
1055.2314,10.5523,1410.0
1041.6932,10.4169,1278.0
1535.5833,15.3558,2135.0
1117.4196,11.1742,1284.0
1479.9256,14.7993,1442.0
833.7349,8.3373,817.0
1028.2103,10.2821,1134.0
1445.7678,14.4577,1677.0
1145.2217,11.4522,1280.0
1734.6209,17.3462,91.0
1457.3644,14.5736,2317.0
724.3871,7.2439,1026.0
1345.42,13.4542,522.0
1510.2014,15.102,2027.0
1730.534,17.3053,2646.0
850.0796,8.5008,447.0
2360.4215,23.6042,2269.0
1749.3113,17.4931,2197.0
1256.8543,12.5685,1622.0
1574.1115,15.7411,1283.0
1403.3524,14.0335,1514.0
1087.5132,10.8751,1333.0
2132.4701,21.3247,664.0
1624.5819,16.2458,1406.0
1044.1498,10.4415,1443.0
1958.9271,19.5893,2330.0
1834.5334,18.3453,1124.0
1503.4141,15.0341,1686.0
2260.0326,22.6003,2370.0
1995.8845,19.9588,2133.0
908.8371,9.0884,1148.0
1412.2254,14.1223,1448.0
1482.9385,14.8294,1529.0
1155.2841,11.5528,1150.0
1573.0444,15.7304,1069.0
792.858,7.9286,921.0
1466.2944,14.6629,1951.0
1538.6862,15.3869,1426.0
1329.1427,13.2914,1700.0
1992.0802,19.9208,2199.0
1158.8534,11.5885,924.0
1320.2353,13.2024,1952.0
2168.0822,21.6808,346.0
949.5666,9.4957,855.0
1561.7733,15.6177,681.0
2225.7987,22.258,2427.0
1047.0638,10.4706,204.0
2063.5845,20.6358,2087.0
1370.7703,13.7077,1162.0
1284.6106,12.8461,1586.0
2044.3399,20.4434,2475.0
2037.7832,20.3778,2149.0
1065.3589,10.6536,1302.0
1251.537,12.5154,326.0
1848.8598,18.4886,1172.0
972.0784,9.7208,844.0
782.9079,7.8291,826.0
1409.2868,14.0929,1053.0
1812.7927,18.1279,2174.0
1358.9687,13.5897,1351.0
715.1328,7.1513,423.0
1939.1541,19.3915,2189.0
1569.5151,15.6952,1508.0
2192.5289,21.9253,2339.0
805.3371,8.0534,1081.0
1667.4122,16.6741,1873.0
1861.3832,18.6138,1258.0
1231.8541,12.3185,1592.0
838.5529,8.3855,628.0
1438.2877,14.3829,1519.0
806.2366,8.0624,740.0
1686.0234,16.8602,2344.0
1605.2691,16.0527,800.0
1709.2058,17.0921,2199.0
820.0634,8.2006,487.0
1101.5114,11.0151,1705.0
1648.4451,16.4845,2116.0
1482.1338,14.8213,1418.0
1301.2612,13.0126,743.0
692.5165,6.9252,675.0
2096.5446,20.9654,2337.0
2304.8041,23.048,2465.0
980.1979,9.802,1012.0
1408.9092,14.0891,393.0
938.6975,9.387,1166.0
1312.2496,13.1225,59.0
944.8834,9.4488,1131.0
1959.4145,19.5941,2239.0
1611.0891,16.1109,2149.0
1731.6743,17.3167,2398.0
1126.2062,11.2621,1297.0
652.2,6.522,947.0
1326.2636,13.2626,902.0
613.6321,6.1363,763.0
1803.7815,18.0378,355.0
2134.8228,21.3482,2443.0
2280.7595,22.8076,2551.0
1601.7977,16.018,2438.0
1180.2515,11.8025,1284.0
1072.3434,10.7234,1025.0
762.4363,7.6244,639.0
1250.1147,12.5011,966.0
1150.0621,11.5006,1253.0
1691.9831,16.9198,542.0
1874.4324,18.7443,2298.0
1399.9532,13.9995,1234.0
1066.6022,10.666,1622.0
1264.9232,12.6492,1392.0
2091.7462,20.9175,2482.0
1306.2465,13.0625,1425.0
1992.3849,19.9238,2101.0
1829.0889,18.2909,2046.0
1173.0995,11.731,1070.0
2390.1009,23.901,2452.0
1640.7083,16.4071,1945.0
1588.9862,15.8899,1762.0
1555.0937,15.5509,1834.0
1829.7709,18.2977,2172.0
1763.3054,17.6331,2439.0
1199.0409,11.9904,1266.0
1180.5354,11.8054,1419.0
927.2935,9.2729,939.0
937.806,9.3781,1095.0
908.0744,9.0807,1147.0
2100.0751,21.0008,2194.0
1924.4364,19.2444,1977.0
1536.3337,15.3633,1513.0
880.4191,8.8042,1000.0
1112.1368,11.1214,774.0
962.2726,9.6227,574.0
1414.6115,14.1461,1801.0
1486.4954,14.865,1195.0
660.6568,6.6066,680.0
2125.2358,21.2524,2127.0
1546.7716,15.4677,1665.0
2179.0051,21.7901,1982.0
1777.9404,17.7794,2131.0
1792.2185,17.9222,1972.0
1614.86,16.1486,1789.0
1467.5116,14.6751,1427.0
1946.3967,19.464,2520.0
1299.5679,12.9957,1099.0
896.2025,8.962,876.0
1621.9009,16.219,2630.0
2081.18,20.8118,2242.0
1174.8777,11.7488,1356.0
918.7685,9.1877,1097.0
902.3767,9.0238,957.0
1938.052,19.3805,2138.0
1234.7572,12.3476,1374.0
1154.8826,11.5488,1172.0
1375.3161,13.7532,1926.0
1942.157,19.4216,625.0
1510.5836,15.1058,1514.0
2085.8638,20.8586,1959.0
1216.9606,12.1696,1514.0
2253.116,22.5312,2134.0
1210.6726,12.1067,1526.0
764.4402,7.6444,1065.0
1105.8862,11.0589,367.0
1082.8271,10.8283,1208.0
1038.3139,10.3831,1186.0
2033.1065,20.3311,1955.0
491.2377,4.9124,506.0
1980.7299,19.8073,2113.0
2314.0986,23.141,2433.0
1019.668,10.1967,844.0
1013.6567,10.1366,1045.0
1882.0253,18.8203,2135.0
974.3447,9.7434,1184.0
975.3473,9.7535,1122.0
1653.381,16.5338,1736.0
1446.6964,14.467,1613.0
1411.1762,14.1118,1538.0
1012.4006,10.124,1191.0
2158.56,21.5856,208.0
1598.2771,15.9828,2002.0
2159.1328,21.5913,2371.0
1430.2393,14.3024,1191.0
649.9228,6.4992,340.0
1112.5585,11.1256,894.0
2063.8213,20.6382,2261.0
1570.4691,15.7047,957.0
2208.0024,22.08,2388.0
2076.8516,20.7685,2381.0
1348.8082,13.4881,1630.0
2011.8691,20.1187,2432.0
1958.2508,19.5825,2025.0
1372.5069,13.7251,1310.0
869.1333,8.6913,760.0
1103.0643,11.0306,1356.0
629.8298,6.2983,765.0
1077.1748,10.7717,1101.0
1768.7823,17.6878,1774.0
1236.6759,12.3668,1510.0
1594.0542,15.9405,1778.0
1693.9455,16.9395,2406.0
1506.3764,15.0638,2212.0
1061.7427,10.6174,868.0
1172.7287,11.7273,1347.0
1600.1791,16.0018,847.0
1941.4149,19.4141,2169.0
2048.3344,20.4833,2062.0
909.0953,9.091,971.0
1804.2327,18.0423,2064.0
674.042,6.7404,518.0
2341.77,23.4177,2325.0
953.047,9.5305,656.0
1520.8304,15.2083,1647.0
1083.9292,10.8393,1252.0
1510.4156,15.1042,2167.0
1768.0597,17.6806,2093.0
1012.4418,10.1244,174.0
588.0105,5.8801,442.0
2233.4468,22.3345,2600.0
1579.1789,15.7918,1915.0
2064.4698,20.6447,2374.0
2058.2126,20.5821,1277.0
1244.7895,12.4479,1289.0
1616.4213,16.1642,647.0
1755.762,17.5576,951.0
2385.1222,23.8512,2663.0
1396.3481,13.9635,1676.0
1430.4796,14.3048,1592.0
1073.8097,10.7381,977.0
2192.9828,21.9298,422.0
802.9227,8.0292,1391.0
2126.0861,21.2609,2363.0
482.7269,4.8273,623.0
1415.4109,14.1541,1575.0
578.5657,5.7857,972.0
2005.2059,20.0521,2210.0
1270.2286,12.7023,1008.0
565.8672,5.6587,404.0
1288.4072,12.8841,1457.0
1939.1519,19.3915,1994.0
1237.2317,12.3723,667.0
2099.3824,20.9938,570.0
1989.6589,19.8966,2188.0
1894.6884,18.9469,2005.0
1441.244,14.4124,2023.0
926.6434,9.2664,82.0
1485.2529,14.8525,2037.0
2055.2949,20.5529,1160.0
1290.4287,12.9043,791.0
965.543,9.6554,800.0
1236.307,12.3631,1262.0
1161.6263,11.6163,1211.0
981.619,9.8162,1284.0
986.7227,9.8672,672.0
1583.9363,15.8394,1487.0
2339.7786,23.3978,2084.0
1012.0789,10.1208,597.0
1969.0181,19.6902,1966.0
2128.2841,21.2828,2646.0
967.1835,9.6718,82.0
1325.749,13.2575,1455.0
1559.7431,15.5974,2033.0
903.3937,9.0339,935.0
634.2863,6.3429,565.0
2060.988,20.6099,1464.0
1804.0731,18.0407,1227.0
770.3143,7.7031,836.0
928.4518,9.2845,921.0
1853.0783,18.5308,1889.0
2361.2397,23.6124,2503.0
1398.7469,13.9875,1217.0
1372.4515,13.7245,1725.0
2313.0259,23.1303,2662.0
1292.8347,12.9283,1617.0
1325.0979,13.251,1242.0
2347.0684,23.4707,2317.0
1288.6885,12.8869,1377.0
1225.6982,12.257,1990.0
804.8205,8.0482,1101.0
1272.9793,12.7298,1348.0
1082.3957,10.824,1071.0
1933.539,19.3354,1771.0
1268.4878,12.6849,1762.0
1355.1345,13.5513,1318.0
1050.1674,10.5017,1209.0
1619.8505,16.1985,1587.0
1305.9887,13.0599,1399.0
1742.6054,17.4261,2380.0
1473.2377,14.7324,1647.0
1225.9288,12.2593,1362.0
2276.688,22.7669,2476.0
763.9363,7.6394,1648.0
2042.6249,20.4262,1673.0
1846.9118,18.4691,2045.0
991.8559,9.9186,936.0
2047.4401,20.4744,2083.0
1771.019,17.7102,2453.0
881.1068,8.8111,1154.0
969.4977,9.695,1163.0
1249.6092,12.4961,1244.0
1750.3267,17.5033,1080.0
1421.9774,14.2198,1802.0
1690.0075,16.9001,1266.0
1277.9815,12.7798,1109.0
2439.8829,24.3988,2363.0
1809.5093,18.0951,2030.0
1031.7448,10.3174,1300.0
2366.8197,23.6682,2573.0
1584.5145,15.8451,2074.0
1624.7651,16.2477,1554.0
2071.6807,20.7168,2134.0
768.0953,7.681,531.0
1903.3945,19.0339,1983.0
1955.403,19.554,1853.0
1195.2073,11.9521,863.0
2159.6057,21.5961,2129.0
2383.8649,23.8386,2406.0
922.7148,9.2271,799.0
1970.6957,19.707,2367.0
892.1941,8.9219,684.0
1272.3956,12.724,1445.0
456.7839,4.5678,206.0
1108.7048,11.087,998.0
1118.9509,11.1895,1342.0
1458.669,14.5867,1469.0
995.5928,9.9559,1189.0
1432.2756,14.3228,507.0
809.2204,8.0922,929.0
2262.8471,22.6285,570.0
854.502,8.545,941.0
2375.2121,23.7521,2675.0
2294.4402,22.9444,2574.0
1509.2513,15.0925,1709.0
726.5033,7.265,430.0
1010.8405,10.1084,1947.0
715.9789,7.1598,575.0
1052.1897,10.5219,1278.0
837.907,8.3791,958.0
869.6399,8.6964,419.0
1998.738,19.9874,2431.0
1058.3892,10.5839,1175.0
978.3029,9.783,709.0
869.4983,8.695,680.0
1199.9964,12.0,379.0
1866.0985,18.661,1831.0
1506.1216,15.0612,1287.0
897.8004,8.978,987.0
1634.7528,16.3475,1962.0
1529.0183,15.2902,1887.0
1080.0661,10.8007,1259.0
1099.7014,10.997,1661.0
1014.8731,10.1487,1166.0
790.7474,7.9075,1059.0
983.9736,9.8397,1198.0
1084.1958,10.842,17.0
2233.7825,22.3378,2565.0
1025.5491,10.2555,1267.0
1043.7583,10.4376,1144.0
1100.37,11.0037,1220.0
1158.5274,11.5853,1125.0
1130.4772,11.3048,944.0
873.6012,8.736,810.0
1255.4946,12.5549,1050.0
1071.6964,10.717,818.0
1006.6632,10.0666,838.0
1743.6066,17.4361,2391.0
1280.9041,12.809,1680.0
988.6511,9.8865,444.0
1676.6677,16.7667,1685.0
1169.4495,11.6945,805.0
2453.8228,24.5382,2648.0
2051.5345,20.5153,1992.0
787.4335,7.8743,824.0
856.8029,8.568,483.0
2136.057,21.3606,2289.0
2054.9305,20.5493,333.0
1727.0919,17.2709,1986.0
2196.9159,21.9692,232.0
899.0227,8.9902,1524.0
795.3579,7.9536,628.0
949.7085,9.4971,248.0
773.6965,7.737,685.0
986.9855,9.8699,845.0
715.9557,7.1596,423.0
2388.8349,23.8883,2510.0
1878.851,18.7885,2337.0
921.4252,9.2143,1069.0
1318.5168,13.1852,1588.0
2357.9992,23.58,2587.0
1165.9877,11.6599,723.0
1510.2243,15.1022,1847.0
2314.7802,23.1478,2458.0
2013.3453,20.1335,2084.0
1774.1788,17.7418,1165.0
977.4495,9.7745,1460.0
1064.4816,10.6448,1466.0
2365.9419,23.6594,2383.0
511.4702,5.1147,169.0
1897.246,18.9725,2183.0
1058.7357,10.5874,1170.0
1189.4023,11.894,1450.0
1467.1508,14.6715,1917.0
1598.4429,15.9844,1930.0
1699.9664,16.9997,1069.0
910.6462,9.1065,1140.0
2047.96,20.4796,1464.0
2042.5128,20.4251,2499.0
1274.6112,12.7461,1619.0
1091.2049,10.912,1170.0
854.5982,8.546,760.0
2143.8335,21.4383,2481.0
1490.4846,14.9048,1189.0
806.2074,8.0621,744.0
2072.011,20.7201,2396.0
1892.9518,18.9295,2397.0
2245.8319,22.4583,2413.0
2094.4589,20.9446,2314.0
980.3332,9.8033,953.0
1437.8425,14.3784,1477.0
1318.2889,13.1829,1244.0
1210.8924,12.1089,1264.0
2211.9957,22.12,2640.0
1099.4429,10.9944,1423.0
1139.6921,11.3969,588.0
1695.3769,16.9538,2058.0
705.156,7.0516,601.0
1063.3953,10.634,1201.0
2033.3894,20.3339,2347.0
959.4033,9.594,1126.0
1766.4409,17.6644,2350.0
1011.7743,10.1177,1007.0
918.3846,9.1838,841.0
644.4279,6.4443,537.0
1043.6402,10.4364,1008.0
1992.7173,19.9272,548.0
1317.1544,13.1715,1760.0
1939.1278,19.3913,2218.0
1472.6823,14.7268,1991.0
2084.2354,20.8424,1346.0
1824.6433,18.2464,2237.0
1329.2555,13.2926,1571.0
2365.7176,23.6572,2689.0
1276.5803,12.7658,1407.0
1413.6221,14.1362,1793.0
1206.7363,12.0674,1384.0
1274.5336,12.7453,1363.0
2047.6735,20.4767,2073.0
613.4082,6.1341,510.0
945.9099,9.4591,963.0
965.7932,9.6579,1042.0
2241.0015,22.41,2199.0
1045.1559,10.4516,856.0
1811.4918,18.1149,2515.0
1558.8404,15.5884,1679.0
1260.2245,12.6022,231.0
1678.9102,16.7891,2011.0
1388.1101,13.8811,1552.0
2111.566,21.1157,2319.0
1648.8647,16.4886,1099.0
1274.9333,12.7493,1418.0
1053.5686,10.5357,1171.0
584.3174,5.8432,486.0
1077.2669,10.7727,853.0
1021.7789,10.2178,925.0
1481.2572,14.8126,611.0
1318.6816,13.1868,1172.0
1199.588,11.9959,912.0
2267.525,22.6752,2368.0
1236.3462,12.3635,1655.0
2178.287,21.7829,2138.0
1940.806,19.4081,2002.0
1501.5698,15.0157,1293.0
1071.7871,10.7179,1110.0
1757.3318,17.5733,1809.0
2059.5667,20.5957,2152.0
1817.1234,18.1712,1835.0
741.464,7.4146,810.0
1130.11,11.3011,1328.0
2162.6493,21.6265,2260.0
979.7273,9.7973,1297.0
2197.316,21.9732,2235.0
1064.0897,10.6409,1206.0
1864.7486,18.6475,1828.0
1084.9845,10.8498,1253.0
1715.5428,17.1554,47.0
1937.8041,19.378,1876.0
1972.6236,19.7262,2131.0
881.2094,8.8121,717.0
880.9123,8.8091,1262.0
1411.403,14.114,2053.0
1111.4521,11.1145,1209.0
1815.0472,18.1505,1834.0
1457.2069,14.5721,2372.0
2043.9762,20.4398,2334.0
1375.1442,13.7514,1493.0
1957.8634,19.5786,1879.0
2097.8603,20.9786,2663.0
1637.2802,16.3728,2481.0
621.4393,6.2144,457.0
1742.8366,17.4284,1971.0
1007.8988,10.079,1041.0
2026.3714,20.2637,2270.0
1243.4529,12.4345,1242.0
1100.2665,11.0027,1366.0
2443.3444,24.4334,2703.0
2124.3005,21.243,2311.0
1654.3421,16.5434,1063.0
2178.57,21.7857,2122.0
1305.7435,13.0574,1934.0
695.9506,6.9595,413.0
2219.7587,22.1976,2554.0
1592.7987,15.928,1803.0
969.2423,9.6924,870.0
1710.2695,17.1027,1981.0
1364.1557,13.6416,1460.0
1463.3288,14.6333,1808.0
403.9775,4.0398,72.0
970.4864,9.7049,1631.0
1090.8808,10.9088,26.0
1500.2628,15.0026,2335.0
919.9699,9.1997,938.0
1013.6492,10.1365,947.0
1055.0263,10.5503,1056.0
1720.9422,17.2094,296.0
1014.4413,10.1444,922.0
2180.5392,21.8054,2518.0
815.9892,8.1599,911.0
2029.6933,20.2969,1953.0
1856.1691,18.5617,2194.0
2060.1317,20.6013,1947.0
1793.896,17.939,37.0
1240.4435,12.4044,1264.0
2284.3736,22.8437,573.0
2403.4338,24.0343,2549.0
1052.1566,10.5216,1187.0
1362.0935,13.6209,1336.0
1834.1774,18.3418,2087.0
2250.2577,22.5026,2399.0
816.7502,8.1675,918.0
1108.6149,11.0861,1227.0
2051.0497,20.5105,2164.0
1304.9455,13.0495,1476.0
1388.9538,13.8895,1613.0
1428.4805,14.2848,2203.0
1095.8879,10.9589,1247.0
967.2565,9.6726,660.0
1078.7355,10.7874,873.0
2427.6241,24.2762,2620.0
1403.959,14.0396,1669.0
732.7813,7.3278,861.0
1175.3365,11.7534,1641.0
1339.8934,13.3989,1008.0
1591.3305,15.9133,1639.0
2160.9145,21.6091,2387.0
2270.3853,22.7039,2591.0
1455.4495,14.5545,1492.0
1025.9868,10.2599,1090.0
2178.3016,21.783,2287.0
1320.7138,13.2071,1560.0
1501.0867,15.0109,2055.0
1634.018,16.3402,1963.0
1603.7202,16.0372,1895.0
1988.3369,19.8834,2330.0
1176.9769,11.7698,1076.0
1435.9705,14.3597,1912.0
1538.5569,15.3856,1583.0
2216.8505,22.1685,2606.0
948.7129,9.4871,652.0
1019.658,10.1966,721.0
2287.2443,22.8724,2260.0
1305.8517,13.0585,1999.0
1097.571,10.9757,1451.0
1650.2802,16.5028,1743.0
2201.4879,22.0149,1236.0
1306.7036,13.067,1439.0
1927.2658,19.2727,880.0
705.8918,7.0589,677.0
1287.0949,12.8709,664.0
1874.6764,18.7468,2012.0
2299.3683,22.9937,2632.0
1082.8391,10.8284,1198.0
2198.8521,21.9885,2512.0
1202.1887,12.0219,225.0
1021.1447,10.2114,1218.0
1640.9697,16.4097,1799.0
927.7577,9.2776,1184.0
1082.6103,10.8261,972.0
1952.6797,19.5268,2062.0
1747.1855,17.4719,1945.0
1509.2769,15.0928,1489.0
1193.0767,11.9308,1404.0
1044.4456,10.4445,1332.0
2263.2675,22.6327,1448.0
500.2394,5.0024,553.0
1966.5651,19.6657,1992.0
1734.3182,17.3432,2475.0
2352.6767,23.5268,690.0
1777.5757,17.7758,2005.0
787.2298,7.8723,1111.0
342.3184,3.4232,225.0
1711.8165,17.1182,1802.0
1269.6223,12.6962,2112.0
2193.4814,21.9348,1035.0
1005.7285,10.0573,1189.0
1062.3294,10.6233,1323.0
2126.6794,21.2668,2396.0
1761.8717,17.6187,166.0
697.4906,6.9749,977.0
2119.1231,21.1912,1023.0
1148.394,11.4839,1356.0
2186.7761,21.8678,1511.0
1117.4783,11.1748,1066.0
2212.8616,22.1286,913.0
1563.2138,15.6321,241.0
861.5011,8.615,972.0
2084.7546,20.8475,790.0
1025.8777,10.2588,1087.0
1444.5908,14.4459,1682.0
1509.5552,15.0956,1585.0
1196.0579,11.9606,1061.0
1295.4488,12.9545,937.0
1259.4196,12.5942,1104.0
954.9438,9.5494,926.0
1584.4795,15.8448,1797.0
990.8083,9.9081,1084.0
912.3722,9.1237,433.0
1140.8211,11.4082,1562.0
2470.7709,24.7077,2600.0
1831.6654,18.3167,2495.0
1159.6055,11.5961,801.0
1690.9445,16.9094,2002.0
722.1026,7.221,748.0
949.2309,9.4923,663.0
1045.164,10.4516,1153.0
1134.2419,11.3424,1323.0
1326.7005,13.267,1351.0
1082.2264,10.8223,969.0
945.0807,9.4508,1092.0
1403.5508,14.0355,1661.0
1153.056,11.5306,1216.0
1625.5506,16.2555,1824.0
2380.1438,23.8014,2499.0
1371.2726,13.7127,1832.0
921.5497,9.2155,1216.0
1182.3981,11.824,1374.0
1104.878,11.0488,1403.0
1110.484,11.1048,1180.0
1976.6946,19.7669,2129.0
1363.1544,13.6315,1472.0
1297.569,12.9757,1525.0
751.71,7.5171,881.0
1493.2664,14.9327,2014.0
956.0756,9.5608,951.0
872.1479,8.7215,146.0
1928.5015,19.285,2222.0
2044.8614,20.4486,2006.0
1575.0711,15.7507,2067.0
2022.8441,20.2284,2327.0
714.0203,7.1402,491.0
2113.0032,21.13,2619.0
1159.9982,11.6,1246.0
1830.5714,18.3057,2298.0
1069.1395,10.6914,753.0
2293.3914,22.9339,2324.0
2186.3468,21.8635,1991.0
878.7484,8.7875,792.0
857.9587,8.5796,1062.0
1171.8536,11.7185,1208.0
1372.545,13.7255,1680.0
1506.8288,15.0683,1319.0
1605.215,16.0521,448.0
1129.3014,11.293,1187.0
1084.6464,10.8465,1147.0
1369.4925,13.6949,1500.0
1695.9136,16.9591,1916.0
1876.3511,18.7635,693.0
1128.9399,11.2894,1271.0
1145.6272,11.4563,1937.0
1581.7411,15.8174,1650.0
1655.1253,16.5513,2018.0
2092.9736,20.9297,2190.0
2272.4833,22.7248,2463.0
1119.5377,11.1954,1074.0
1465.5368,14.6554,2260.0
1625.7331,16.2573,2133.0
1447.2264,14.4723,1482.0
689.8416,6.8984,726.0
1275.7821,12.7578,1480.0
812.7441,8.1274,605.0
1063.205,10.632,1052.0
1271.4969,12.715,1472.0
1170.2708,11.7027,1406.0
2054.9577,20.5496,2103.0
1330.814,13.3081,1692.0
1484.7782,14.8478,2214.0
788.3812,7.8838,537.0
1333.293,13.3329,70.0
1523.5572,15.2356,1984.0
1093.4165,10.9342,1205.0
1521.1468,15.2115,957.0
1297.3456,12.9735,1417.0
1397.5829,13.9758,1311.0
1847.3585,18.4736,1279.0
1281.9458,12.8195,820.0
1962.348,19.6235,2141.0
2049.2245,20.4922,2228.0
1893.8065,18.9381,1681.0
2132.0729,21.3207,2247.0
1473.4795,14.7348,1608.0
1838.2369,18.3824,1942.0
1825.8808,18.2588,1788.0
808.501,8.085,811.0
1324.7716,13.2477,1231.0
2082.3265,20.8233,2364.0
2297.9543,22.9795,2706.0
1328.9959,13.29,1212.0
928.9314,9.2893,842.0
846.4526,8.4645,725.0
1865.5992,18.656,1457.0
1179.024,11.7902,430.0
1130.6199,11.3062,797.0
760.0338,7.6003,1139.0
1163.6401,11.6364,1272.0
2272.534,22.7253,2475.0
1122.7284,11.2273,1326.0
2229.9981,22.3,2304.0
2298.2465,22.9825,2439.0
848.1286,8.4813,987.0
1279.2733,12.7927,1456.0
666.3495,6.6635,946.0
1347.356,13.4736,934.0
1323.9443,13.2394,1834.0
1244.7271,12.4473,1403.0
1124.4526,11.2445,1647.0
1055.4771,10.5548,1038.0
2087.6896,20.8769,2617.0
841.7508,8.4175,1049.0
812.3747,8.1237,699.0
848.5862,8.4859,947.0
1894.7868,18.9479,2103.0
1925.6324,19.2563,2273.0
2242.9732,22.4297,2200.0
2069.9113,20.6991,2377.0
2246.211,22.4621,2185.0
1969.5116,19.6951,2221.0
890.1657,8.9017,1015.0
1304.6979,13.047,1466.0
1643.8447,16.4384,2579.0
2071.2307,20.7123,2278.0
1932.3306,19.3233,2133.0
2137.5069,21.3751,2424.0
895.9982,8.96,1116.0
1363.6252,13.6363,1482.0
1081.2657,10.8127,904.0
1305.0992,13.051,273.0
1969.6048,19.696,996.0
816.27,8.1627,612.0
904.5669,9.0457,285.0
1728.1978,17.282,2292.0
2042.202,20.422,2522.0
2274.427,22.7443,2684.0
1827.8457,18.2785,1268.0
1314.8163,13.1482,886.0
1473.8423,14.7384,1582.0
1992.2102,19.9221,2125.0
1031.7763,10.3178,1338.0
1551.2672,15.5127,1882.0
1176.0451,11.7605,1306.0
1345.1202,13.4512,1988.0
1139.6286,11.3963,1672.0
745.4101,7.4541,943.0
1487.8704,14.8787,803.0
1399.2632,13.9926,1810.0
1862.6068,18.6261,2269.0
698.4777,6.9848,463.0
1663.1424,16.6314,1563.0
1088.3946,10.8839,880.0
1891.4051,18.9141,1791.0
1317.5495,13.1755,1540.0
1159.6306,11.5963,1471.0
1920.721,19.2072,872.0
750.9286,7.5093,918.0
2150.4003,21.504,2537.0
789.9304,7.8993,311.0
1142.5811,11.4258,973.0
1304.9029,13.049,238.0
2341.364,23.4136,2605.0
1454.4266,14.5443,1783.0
943.8176,9.4382,1145.0
1533.7346,15.3373,2071.0
1406.3256,14.0633,1038.0
1802.545,18.0255,2134.0
1032.2946,10.3229,1300.0
2108.7748,21.0877,2662.0
1356.2434,13.5624,1307.0
1066.9598,10.6696,1332.0
1257.3719,12.5737,1434.0
888.5726,8.8857,630.0
1609.6858,16.0969,1179.0
1423.7703,14.2377,1702.0
1831.5945,18.3159,1949.0
2049.3759,20.4938,2158.0
1635.7609,16.3576,1614.0
2168.4901,21.6849,2259.0
2586.355,25.8635,2661.0
1082.1373,10.8214,1308.0
1870.3195,18.7032,627.0
970.569,9.7057,928.0
1116.6278,11.1663,730.0
2255.9692,22.5597,2587.0
1537.6175,15.3762,2297.0
1482.8,14.828,509.0
1803.0804,18.0308,1856.0
2156.2777,21.5628,2283.0
2031.0517,20.3105,1870.0
823.8295,8.2383,632.0
1440.3472,14.4035,1576.0
1265.2288,12.6523,1420.0
1077.629,10.7763,1241.0
1462.4113,14.6241,2017.0
1073.1949,10.7319,949.0
2290.0851,22.9009,83.0
2155.9163,21.5592,2127.0
2056.3722,20.5637,676.0
1160.1592,11.6016,1480.0
1073.7051,10.7371,1363.0
1561.4579,15.6146,209.0
2004.9873,20.0499,2087.0
1197.1187,11.9712,1342.0
1366.0703,13.6607,1341.0
1646.5923,16.4659,2297.0
1222.5009,12.225,1372.0
879.0933,8.7909,949.0
936.3392,9.3634,930.0
1751.7183,17.5172,2260.0
2159.4938,21.5949,1958.0
1123.4071,11.2341,871.0
1113.269,11.1327,1705.0
1112.4786,11.1248,345.0
967.7268,9.6773,1198.0
1223.9512,12.2395,1390.0
1386.8452,13.8685,1615.0
1103.4689,11.0347,1522.0
1712.041,17.1204,2433.0
889.3518,8.8935,939.0
1599.6095,15.9961,1902.0
2071.5236,20.7152,2054.0
2086.4833,20.8648,2139.0
2249.3857,22.4939,2366.0
2232.2722,22.3227,730.0
1630.7234,16.3072,1696.0
1622.9229,16.2292,1717.0
1759.2658,17.5927,2449.0
615.1316,6.1513,762.0
1628.2069,16.2821,1719.0
924.3424,9.2434,680.0
1174.4372,11.7444,1464.0
1042.1217,10.4212,1179.0
1501.969,15.0197,2433.0
1441.8098,14.4181,1514.0
859.9354,8.5994,715.0
1187.7679,11.8777,1433.0
1180.8584,11.8086,448.0
1658.6932,16.5869,1668.0
703.3082,7.0331,946.0
1423.3398,14.2334,1336.0
1057.9213,10.5792,609.0
1884.6439,18.8464,2481.0
2054.5142,20.5451,2558.0
2412.5615,24.1256,2571.0
1408.7727,14.0877,2552.0
988.035,9.8803,1431.0
1455.0572,14.5506,1885.0
2115.8275,21.1583,2493.0
975.6616,9.7566,912.0
823.2663,8.2327,740.0
1741.9306,17.4193,2098.0
1923.6148,19.2361,1634.0
2045.3876,20.4539,2020.0
696.1222,6.9612,732.0
1713.9858,17.1399,1298.0
679.954,6.7995,239.0
1300.7276,13.0073,306.0
1588.8392,15.8884,2313.0
2096.0064,20.9601,2280.0
473.7444,4.7374,565.0
1345.1454,13.4515,1874.0
1165.5764,11.6558,1261.0
1500.8605,15.0086,1839.0
2128.421,21.2842,2479.0
813.4038,8.134,238.0
1004.5027,10.045,750.0
681.1096,6.8111,739.0
1685.1335,16.8513,1737.0
1383.0155,13.8302,1269.0
818.4187,8.1842,683.0
1211.3413,12.1134,1746.0
1489.1306,14.8913,1702.0
1065.0674,10.6507,1192.0
1058.0644,10.5806,946.0
1815.3102,18.1531,2554.0
2028.1553,20.2816,2160.0
795.6851,7.9569,1081.0
947.9642,9.4796,636.0
1097.1555,10.9716,975.0
1324.915,13.2491,1769.0
1249.3099,12.4931,2189.0
1853.6587,18.5366,2061.0
1605.14,16.0514,2437.0
1243.1809,12.4318,1433.0
1264.5052,12.6451,393.0
1049.5788,10.4958,465.0
2123.5794,21.2358,2334.0
817.2525,8.1725,988.0
1993.3299,19.9333,2579.0
1460.8106,14.6081,287.0
1087.9669,10.8797,1244.0
1411.1489,14.1115,2027.0
1146.2541,11.4625,1063.0
1181.1723,11.8117,1363.0
853.8183,8.5382,1151.0
1995.6509,19.9565,2364.0
2216.2497,22.1625,2533.0
892.4426,8.9244,868.0
825.4481,8.2545,1220.0
942.317,9.4232,774.0
2343.3481,23.4335,2415.0
1308.8812,13.0888,1718.0
1039.737,10.3974,1031.0
1137.427,11.3743,1044.0
2158.6249,21.5862,2137.0
895.1044,8.951,905.0
1012.3213,10.1232,875.0
1120.497,11.205,510.0
1309.8355,13.0984,1080.0
924.9326,9.2493,774.0
1624.4228,16.2442,1814.0
2208.7455,22.0875,2464.0
2309.1948,23.0919,2366.0
937.7643,9.3776,971.0
1063.9461,10.6395,1156.0
2139.9446,21.3994,2351.0
900.2044,9.002,775.0
1107.9719,11.0797,1656.0
982.9384,9.8294,765.0
1650.7578,16.5076,2092.0
911.429,9.1143,1089.0
1594.4436,15.9444,1874.0
2102.8577,21.0286,2307.0
1088.2403,10.8824,810.0
1612.9711,16.1297,1610.0
994.9708,9.9497,415.0
1796.9767,17.9698,2246.0
1188.522,11.8852,1447.0
1183.4102,11.8341,1555.0
915.4057,9.1541,753.0
1841.1404,18.4114,1809.0
2167.4907,21.6749,2324.0
1064.6842,10.6468,1312.0
1237.2117,12.3721,1230.0
2272.4971,22.725,2213.0
1076.0311,10.7603,1033.0
1646.9985,16.47,2096.0
1408.3783,14.0838,1514.0
679.4156,6.7942,963.0
1040.3111,10.4031,1278.0
2157.3795,21.5738,611.0
2061.9848,20.6198,2212.0
454.3713,4.5437,429.0
2156.6271,21.5663,2475.0
1435.1073,14.3511,1709.0
979.957,9.7996,1124.0
1083.0327,10.8303,941.0
1538.391,15.3839,1097.0
1061.2264,10.6123,885.0
1668.998,16.69,2011.0
1591.5375,15.9154,1357.0
1111.1569,11.1116,1123.0
1062.1805,10.6218,1524.0
1226.3446,12.2634,1429.0
1380.1588,13.8016,615.0
893.2891,8.9329,856.0
945.692,9.4569,308.0
1061.7076,10.6171,1052.0
1592.3412,15.9234,1283.0
1922.5732,19.2257,2179.0
2106.6907,21.0669,2235.0
1383.0565,13.8306,1839.0
1705.1979,17.052,2074.0
1224.1548,12.2415,1439.0
815.8605,8.1586,1058.0
1194.4343,11.9443,936.0
953.5182,9.5352,768.0
1130.1211,11.3012,209.0
737.1616,7.3716,912.0
2127.1067,21.2711,2231.0
934.0454,9.3405,707.0
975.5011,9.755,1092.0
1302.0118,13.0201,178.0
1933.1471,19.3315,1849.0
1999.6688,19.9967,2299.0
1017.3766,10.1738,197.0
1964.433,19.6443,2349.0
2394.5667,23.9457,2280.0
1769.4742,17.6947,1906.0
986.0265,9.8603,271.0
2057.1807,20.5718,1879.0
1953.6285,19.5363,2074.0
687.7358,6.8774,231.0
772.1389,7.7214,157.0
1919.3252,19.1933,2021.0
2034.4002,20.344,2124.0
627.0242,6.2702,599.0
1819.3017,18.193,2200.0
1859.8135,18.5981,2495.0
1152.2051,11.5221,1393.0
1955.7806,19.5578,2122.0
1125.1826,11.2518,1839.0
915.933,9.1593,153.0
1203.5409,12.0354,1258.0
1481.0714,14.8107,1826.0
2267.054,22.6705,1969.0
1174.8931,11.7489,1388.0
1313.4944,13.1349,1661.0
1204.4366,12.0444,1128.0
768.5504,7.6855,499.0
1814.2312,18.1423,2239.0
925.0098,9.2501,929.0
1537.0716,15.3707,2414.0
1425.5975,14.256,1628.0
1646.2817,16.4628,1680.0
928.4494,9.2845,51.0
2405.5713,24.0557,2571.0
1653.2534,16.5325,1891.0
1579.7997,15.798,1238.0
2039.5568,20.3956,2245.0
1221.378,12.2138,1276.0
1649.5781,16.4958,2025.0
1994.4216,19.9442,1977.0
2098.7861,20.9879,2326.0
1030.7888,10.3079,1258.0
1492.1744,14.9217,759.0
771.6331,7.7163,793.0
1010.5552,10.1056,927.0
1675.0944,16.7509,2106.0
1977.4154,19.7742,1909.0
1402.4056,14.0241,854.0
1930.4979,19.305,1970.0
1899.2255,18.9923,1864.0
1675.5001,16.755,1374.0
1649.5839,16.4958,1747.0
1203.4103,12.0341,1709.0
850.0129,8.5001,658.0
852.938,8.5294,761.0
1882.0676,18.8207,2345.0
2084.8429,20.8484,2317.0
1377.2105,13.7721,1886.0
1172.3186,11.7232,999.0
1218.4193,12.1842,1335.0
933.1698,9.3317,1192.0
1258.5024,12.585,1776.0
2228.6281,22.2863,2283.0
1375.934,13.7593,1629.0
1079.2441,10.7924,242.0
913.9,9.139,832.0
1220.2154,12.2022,1284.0
2228.6859,22.2869,2482.0
1066.2732,10.6627,1031.0
1788.9404,17.8894,1861.0
1589.5427,15.8954,2623.0
1695.1918,16.9519,2354.0
1898.9027,18.989,2326.0
1622.547,16.2255,417.0
1210.3236,12.1032,1234.0
1075.0629,10.7506,1281.0
2155.1938,21.5519,2275.0
1073.3693,10.7337,1013.0
1174.0664,11.7407,1164.0
1857.5593,18.5756,784.0
2144.274,21.4427,2254.0
2065.0385,20.6504,2114.0
888.0686,8.8807,916.0
2058.0781,20.5808,2145.0
1237.6962,12.377,1565.0
1042.1902,10.4219,623.0
1886.2341,18.8623,935.0
1185.7137,11.8571,1377.0
1160.2521,11.6025,1173.0
1644.1645,16.4416,1698.0
1604.2748,16.0427,1743.0
1958.9537,19.5895,2403.0
1375.8474,13.7585,8.0
2156.0283,21.5603,2432.0
1543.6491,15.4365,2228.0
1606.1819,16.0618,1696.0
2362.2482,23.6225,2229.0
1362.5258,13.6253,1386.0
1463.0137,14.6301,791.0
603.926,6.0393,834.0
821.8571,8.2186,839.0
1328.425,13.2842,1566.0
1577.8717,15.7787,2221.0
2248.8633,22.4886,2340.0
1461.8895,14.6189,1866.0
1666.107,16.6611,604.0
957.4739,9.5747,1063.0
960.3726,9.6037,906.0
916.5041,9.165,1139.0
1478.5401,14.7854,1548.0
943.436,9.4344,931.0
1036.52,10.3652,847.0
1876.1956,18.762,1849.0
1410.8504,14.1085,1801.0
937.0658,9.3707,1249.0
1472.101,14.721,1791.0
1804.8873,18.0489,2428.0
1799.4231,17.9942,2342.0
1407.6674,14.0767,1593.0
1708.0309,17.0803,2648.0
2105.7491,21.0575,2102.0
1508.4698,15.0847,1692.0
1535.425,15.3542,171.0
1266.1582,12.6616,1627.0
1885.3447,18.8534,1906.0
1498.7955,14.988,1934.0
1086.3992,10.864,927.0
1367.7598,13.6776,785.0
1335.8111,13.3581,1621.0
1009.2249,10.0922,745.0
736.5997,7.366,754.0
1118.5571,11.1856,1092.0
2215.505,22.1551,2574.0
1006.5962,10.066,1219.0
1176.3976,11.764,1294.0
1181.5606,11.8156,1305.0
2223.1387,22.2314,2489.0
1408.3364,14.0834,1428.0
1242.7269,12.4273,1394.0
988.8061,9.8881,671.0
1071.1931,10.7119,1022.0
1233.8949,12.3389,1307.0
1596.3787,15.9638,800.0
2328.5729,23.2857,2582.0
930.6988,9.307,870.0
2181.2222,21.8122,2300.0
1857.4638,18.5746,2056.0
828.1992,8.282,783.0
2038.4072,20.3841,2120.0
1542.1858,15.4219,2102.0
1356.8729,13.5687,1532.0
1328.5558,13.2856,677.0
1379.9031,13.799,648.0
1533.9001,15.339,1839.0
2117.3739,21.1737,2323.0
1645.6815,16.4568,1965.0
1729.0401,17.2904,1372.0
1787.4914,17.8749,2162.0
2023.1556,20.2316,2434.0
1139.4704,11.3947,1341.0
2104.5333,21.0453,2268.0
1304.3866,13.0439,1643.0
1713.7196,17.1372,1029.0
1265.8492,12.6585,753.0
1097.0825,10.9708,1242.0
2248.7195,22.4872,2123.0
1272.9971,12.73,1200.0
1644.0637,16.4406,1754.0
1990.8077,19.9081,2102.0
737.016,7.3702,845.0
1267.4753,12.6748,238.0
2106.7395,21.0674,232.0
913.5269,9.1353,945.0
1475.5619,14.7556,1711.0
1476.2202,14.7622,1745.0
2605.2784,26.0528,2645.0
1221.6682,12.2167,1272.0
2014.5848,20.1458,2147.0
1006.1488,10.0615,1524.0
1259.2627,12.5926,198.0
1421.5133,14.2151,1586.0
1142.6473,11.4265,796.0
2018.4591,20.1846,2094.0
2024.4747,20.2447,2355.0
2156.9613,21.5696,2557.0
1271.9007,12.719,1538.0
1916.6813,19.1668,2009.0
2161.2839,21.6128,2479.0
1411.702,14.117,985.0
1453.3447,14.5334,1900.0
1699.0876,16.9909,1953.0
881.1559,8.8116,1136.0
2177.4241,21.7742,2240.0
1495.6666,14.9567,1661.0
1376.9088,13.7691,1650.0
1224.9515,12.2495,1014.0
530.3198,5.3032,632.0
1385.1831,13.8518,1538.0
1922.4902,19.2249,2426.0
1357.7342,13.5773,1349.0
1130.5343,11.3053,1599.0
944.9802,9.4498,752.0
871.7228,8.7172,885.0
1091.4759,10.9148,1456.0
2106.3208,21.0632,2259.0
988.5946,9.8859,769.0
2094.6682,20.9467,2388.0
1007.8977,10.079,817.0
1292.7791,12.9278,1495.0
1593.6743,15.9367,1996.0
1235.2352,12.3524,1347.0
1327.3001,13.273,872.0
741.0426,7.4104,206.0
1846.5352,18.4654,2166.0
1074.6655,10.7467,700.0
1748.49,17.4849,2468.0
1554.0381,15.5404,1439.0
967.9627,9.6796,169.0
1176.0693,11.7607,1069.0
1760.133,17.6013,2101.0
1422.4763,14.2248,1816.0
2050.2358,20.5024,1854.0
1374.9779,13.7498,1715.0
1213.8249,12.1382,1158.0
1699.8167,16.9982,1838.0
1425.6829,14.2568,1357.0
2247.0799,22.4708,2274.0
1754.0701,17.5407,905.0
848.2338,8.4823,1068.0
2091.9052,20.9191,2304.0
1547.3407,15.4734,1532.0
1146.4806,11.4648,1125.0
1107.2677,11.0727,949.0
989.9595,9.8996,1452.0
1758.4864,17.5849,2035.0
1021.6941,10.2169,1347.0
1053.2753,10.5328,975.0
2181.2744,21.8127,2649.0
1860.1923,18.6019,2340.0
1893.0475,18.9305,2293.0
1987.2737,19.8727,2622.0
2061.3535,20.6135,2241.0
933.6723,9.3367,1135.0
1981.5654,19.8157,2237.0
1205.9309,12.0593,1034.0
1793.5091,17.9351,1292.0
2338.0782,23.3808,2543.0
954.2602,9.5426,821.0
1188.4485,11.8845,1426.0
929.9301,9.2993,1081.0
1380.9624,13.8096,1272.0
1123.2087,11.2321,1001.0
1275.4585,12.7546,1379.0
2218.0135,22.1801,2369.0
2100.4506,21.0045,2469.0
2008.7042,20.087,2199.0
1340.5468,13.4055,417.0
1044.7452,10.4475,995.0
2056.2212,20.5622,2469.0
1477.2014,14.772,95.0
1413.4931,14.1349,1970.0
1556.5584,15.5656,1698.0
989.2959,9.893,1100.0
961.0848,9.6108,1095.0
1879.93,18.7993,2102.0
2094.7685,20.9477,2290.0
1571.3273,15.7133,330.0
1039.7781,10.3978,688.0
1755.2086,17.5521,310.0
2023.7646,20.2376,2457.0
1688.292,16.8829,2485.0
1388.2065,13.8821,1503.0
2499.1437,24.9914,2636.0
1234.098,12.341,1306.0
1523.063,15.2306,1795.0
1332.5047,13.325,1502.0
1165.0638,11.6506,1659.0
1564.8707,15.6487,1884.0
2214.772,22.1477,2278.0
1450.2276,14.5023,947.0
1433.2483,14.3325,814.0
1290.3283,12.9033,1360.0
2085.1238,20.8512,2319.0
925.6518,9.2565,1090.0
1157.5896,11.5759,1017.0
1216.9887,12.1699,103.0
1052.6657,10.5267,1281.0
1525.7293,15.2573,1557.0
1120.0914,11.2009,872.0
2030.3426,20.3034,2381.0
1854.9993,18.55,2235.0
1906.051,19.0605,1955.0
1160.8723,11.6087,1140.0
1171.2356,11.7124,1371.0
968.2688,9.6827,474.0
1355.4301,13.5543,246.0
2134.7094,21.3471,2369.0
1165.6068,11.6561,1494.0
2075.4402,20.7544,1233.0
951.5516,9.5155,1079.0
1702.5178,17.0252,681.0
1218.6247,12.1862,1153.0
1393.701,13.937,1687.0
2151.5273,21.5153,2161.0
1065.4747,10.6547,1435.0
906.4439,9.0644,1097.0
1334.6256,13.3463,2160.0
1026.3831,10.2638,816.0
1880.29,18.8029,2247.0
1008.5241,10.0852,952.0
2252.4965,22.525,2377.0
1820.998,18.21,1972.0
1021.0328,10.2103,489.0
1285.1111,12.8511,1183.0
1134.0558,11.3406,856.0
1656.5652,16.5657,1929.0
955.1057,9.5511,1253.0
1883.4636,18.8346,2259.0
1024.3883,10.2439,1001.0
1814.0149,18.1401,2515.0
868.5565,8.6856,827.0
1421.3985,14.214,885.0
2387.4442,23.8744,2364.0
974.3606,9.7436,1087.0
908.096,9.081,413.0
1808.2658,18.0827,1923.0
1646.5003,16.465,2095.0
1050.1917,10.5019,1135.0
1069.8281,10.6983,869.0
2119.3746,21.1937,628.0
1609.1129,16.0911,102.0
555.8358,5.5584,426.0
2353.9684,23.5397,2277.0
2146.5731,21.4657,2267.0
1123.2439,11.2324,1466.0
2138.5422,21.3854,2429.0
1349.7971,13.498,1403.0
1449.2043,14.492,1461.0
2206.6783,22.0668,2339.0
830.5868,8.3059,948.0
994.6119,9.9461,1040.0
1727.303,17.273,2560.0
1003.8715,10.0387,833.0
1735.289,17.3529,2547.0
1735.9605,17.3596,2209.0
886.188,8.8619,926.0
1693.6145,16.9361,2347.0
715.049,7.1505,1209.0
958.8137,9.5881,1300.0
1673.399,16.734,1780.0
2193.8844,21.9388,2449.0
2062.3948,20.6239,2494.0
1903.8926,19.0389,1830.0
1501.4065,15.0141,1839.0
2317.55,23.1755,2389.0
1062.6074,10.6261,1937.0
1035.1927,10.3519,1125.0
1764.7635,17.6476,2187.0
1900.654,19.0065,394.0
2009.3596,20.0936,2271.0
1937.3818,19.3738,2163.0
1396.9654,13.9697,1550.0
1231.9962,12.32,1221.0
1413.5985,14.136,1419.0
1121.0514,11.2105,1278.0
793.3704,7.9337,728.0
1034.4709,10.3447,1090.0
1884.5301,18.8453,1882.0
1680.8302,16.8083,2177.0
1484.6525,14.8465,1912.0
2379.9463,23.7995,1432.0
739.5726,7.3957,728.0
1169.1134,11.6911,1433.0
1747.7817,17.4778,1898.0
1897.7018,18.977,1889.0
1232.2577,12.3226,519.0
1792.6791,17.9268,2429.0
1923.3735,19.2337,2273.0
1046.1747,10.4617,1342.0
1375.8425,13.7584,1279.0
2464.0719,24.6407,2389.0
1158.966,11.5897,616.0
1540.9665,15.4097,2159.0
797.8705,7.9787,1131.0
714.1863,7.1419,527.0
1785.1016,17.851,2076.0
664.9691,6.6497,792.0
1378.1722,13.7817,1655.0
1131.1332,11.3113,700.0
1541.8322,15.4183,2173.0
1955.0952,19.551,2438.0
1945.4885,19.4549,1495.0
1730.6156,17.3062,1947.0
1494.7406,14.9474,814.0
933.8889,9.3389,412.0
1073.2889,10.7329,652.0
1510.7545,15.1075,1971.0
1263.7866,12.6379,1595.0
863.6842,8.6368,249.0
1618.448,16.1845,222.0
1029.3605,10.2936,832.0
1371.8622,13.7186,1548.0
814.9013,8.149,149.0
1414.5202,14.1452,1569.0
2042.718,20.4272,2251.0
2364.1545,23.6415,2265.0
1587.6743,15.8767,2280.0
2410.5579,24.1056,2600.0
1036.4423,10.3644,1160.0
1373.3631,13.7336,1623.0
2033.228,20.3323,2129.0
1890.1535,18.9015,2246.0
2170.6394,21.7064,2273.0
2005.912,20.0591,2331.0
1022.1098,10.2211,1001.0
1697.0131,16.9701,714.0
1154.5098,11.5451,980.0
2124.8514,21.2485,2259.0
1145.0703,11.4507,441.0
1408.8401,14.0884,1613.0
884.3425,8.8434,799.0
1613.279,16.1328,1820.0
1440.6633,14.4066,2011.0
1431.812,14.3181,650.0
885.0875,8.8509,567.0
1139.0402,11.3904,1032.0
1321.6003,13.216,1440.0
1029.5874,10.2959,1149.0
1650.1635,16.5016,2070.0
774.7281,7.7473,1032.0
1352.0581,13.5206,54.0
2124.6787,21.2468,2149.0
1280.5415,12.8054,1175.0
1066.9124,10.6691,536.0
1717.593,17.1759,2132.0
1029.8015,10.298,835.0
2371.9248,23.7192,2642.0
863.1843,8.6318,666.0
1998.9667,19.9897,2161.0
1926.6205,19.2662,1893.0
1099.4584,10.9946,1363.0
2335.9433,23.3594,2495.0
2030.6638,20.3066,310.0
868.1874,8.6819,1363.0
1147.0084,11.4701,460.0
1938.6022,19.386,2459.0
936.9051,9.3691,269.0
2096.4801,20.9648,2216.0
2093.348,20.9335,2201.0
1755.8017,17.558,2082.0
1842.3054,18.4231,2143.0
2369.3896,23.6939,2504.0
1678.6656,16.7867,1949.0
2109.2055,21.0921,2340.0
969.5291,9.6953,678.0
1532.2027,15.322,102.0
1186.5203,11.8652,1147.0
1578.3091,15.7831,1538.0
1528.8436,15.2884,1676.0
2147.4843,21.4748,2045.0
820.3864,8.2039,1221.0
977.293,9.7729,752.0
842.531,8.4253,901.0
2288.1339,22.8813,2357.0
1361.0282,13.6103,1613.0
2072.8287,20.7283,2455.0
1934.4031,19.344,2432.0
1504.9048,15.049,1625.0
1899.5229,18.9952,2244.0
875.8664,8.7587,1272.0
1087.8759,10.8788,1075.0
1658.7887,16.5879,770.0
994.6487,9.9465,1166.0
1162.4085,11.6241,1204.0
1527.8036,15.278,1835.0
985.325,9.8532,980.0
1108.0356,11.0804,1195.0
1467.5003,14.675,1418.0
2023.9855,20.2399,1160.0
1009.2035,10.092,1266.0
1548.6707,15.4867,1940.0
937.0213,9.3702,324.0
658.8095,6.5881,809.0
2336.9682,23.3697,2512.0
2029.638,20.2964,2536.0
1900.2018,19.002,2428.0
2344.4431,23.4444,2260.0
994.4366,9.9444,1198.0
2357.0435,23.5704,2517.0
1879.4649,18.7946,313.0
2224.6864,22.2469,186.0
686.2634,6.8626,783.0
1090.9303,10.9093,1355.0
1394.9554,13.9496,872.0
711.0247,7.1102,748.0
1420.8956,14.209,717.0
831.3544,8.3135,947.0
1050.1668,10.5017,1125.0
1359.5155,13.5952,1461.0
1907.0321,19.0703,2284.0
1979.809,19.7981,861.0
966.0521,9.6605,1056.0
948.0181,9.4802,157.0
2013.1049,20.131,2427.0
1903.9575,19.0396,2050.0
1031.7292,10.3173,1628.0
1478.9996,14.79,1627.0
1655.2964,16.553,1937.0
2394.6535,23.9465,2428.0
2112.0467,21.1205,385.0
1248.8294,12.4883,1868.0
1701.4422,17.0144,13.0
1597.6026,15.976,1588.0
1718.3368,17.1834,1958.0
1247.3236,12.4732,1355.0
1430.2761,14.3028,1715.0
1092.0595,10.9206,1284.0
1501.2014,15.012,1756.0
800.1962,8.002,893.0
2064.3911,20.6439,577.0
1127.7106,11.2771,1221.0
1410.5026,14.105,1321.0
393.543,3.9354,232.0
2122.2878,21.2229,2345.0
1017.2457,10.1725,1026.0
1482.1084,14.8211,206.0
2024.8658,20.2487,2192.0
2066.6868,20.6669,2356.0
1135.082,11.3508,1379.0
1019.001,10.19,1046.0
783.3516,7.8335,13.0
2030.3862,20.3039,2148.0
1638.6165,16.3862,1760.0
2406.4379,24.0644,2648.0
754.833,7.5483,1064.0
1200.3719,12.0037,1200.0
1777.804,17.778,741.0
2066.9802,20.6698,2205.0
1217.9199,12.1792,1014.0
967.0778,9.6708,340.0
822.2847,8.2228,813.0
1025.1375,10.2514,233.0
1051.2461,10.5125,1089.0
2135.7796,21.3578,2623.0
1033.6685,10.3367,1428.0
1428.1696,14.2817,1692.0
1439.1338,14.3913,1743.0
879.7077,8.7971,1006.0
814.2129,8.1421,740.0
1254.1379,12.5414,1415.0
1417.0209,14.1702,1689.0
2413.1886,24.1319,2554.0
1346.3742,13.4637,2372.0
466.435,4.6644,186.0
1891.4369,18.9144,2171.0
2153.2568,21.5326,2207.0
767.9759,7.6798,921.0
1525.0435,15.2504,1663.0
2314.1351,23.1414,2522.0
1203.2202,12.0322,1801.0
1944.0139,19.4401,1827.0
1091.4407,10.9144,1320.0
1277.2931,12.7729,715.0
2151.9585,21.5196,2356.0
1439.2145,14.3921,1816.0
2009.0124,20.0901,2553.0
817.1788,8.1718,853.0
1938.7116,19.3871,615.0
1116.3184,11.1632,345.0
1021.7057,10.2171,1388.0
1263.4436,12.6344,1143.0
1439.4129,14.3941,2403.0
1424.5826,14.2458,1328.0
1860.1497,18.6015,2071.0
825.8393,8.2584,782.0
1704.6892,17.0469,2054.0
2076.0471,20.7605,2346.0
1452.4555,14.5246,2186.0
422.5746,4.2257,647.0
1934.0547,19.3405,1675.0
966.1536,9.6615,995.0
1822.5283,18.2253,2248.0
1808.1429,18.0814,2173.0
1406.1278,14.0613,1189.0
1947.9934,19.4799,2039.0
2201.9025,22.019,2292.0
1839.4682,18.3947,1881.0
982.0806,9.8208,1274.0
1082.948,10.8295,1332.0
888.4524,8.8845,250.0
853.7049,8.537,1021.0
2339.8498,23.3985,2474.0
2325.6124,23.2561,2617.0
1119.9425,11.1994,1310.0
2100.0207,21.0002,2205.0
2130.6049,21.306,822.0
1961.7286,19.6173,1753.0
2490.8457,24.9085,2571.0
1665.3577,16.6536,1803.0
905.8469,9.0585,971.0
968.4072,9.6841,1067.0
1872.7897,18.7279,1925.0
1630.378,16.3038,2426.0
2392.2372,23.9224,2516.0
1019.2929,10.1929,912.0
824.5316,8.2453,868.0
1389.3248,13.8932,1707.0
1446.0717,14.4607,1692.0
1328.121,13.2812,1587.0
1060.0588,10.6006,652.0
1803.0582,18.0306,2079.0
2100.4726,21.0047,2322.0
1106.4978,11.065,973.0
1102.0876,11.0209,1471.0
1436.7922,14.3679,94.0
1083.9643,10.8396,714.0
911.4955,9.115,945.0
837.4226,8.3742,645.0
1122.189,11.2219,1402.0
587.3435,5.8734,47.0
1229.4853,12.2949,1600.0
1389.8676,13.8987,1335.0
1673.7496,16.7375,2136.0
1803.0731,18.0307,2002.0
2391.863,23.9186,2569.0
1996.5085,19.9651,2400.0
1052.4295,10.5243,992.0
1401.3069,14.0131,2112.0
1916.0096,19.1601,1713.0
1531.8033,15.318,222.0
1625.4976,16.255,537.0
2091.1862,20.9119,2222.0
1852.079,18.5208,381.0
2199.5884,21.9959,2068.0
1372.2335,13.7223,1360.0
1281.3581,12.8136,1643.0
646.8462,6.4685,900.0
704.287,7.0429,1221.0
2145.978,21.4598,2309.0
1343.4238,13.4342,1092.0
1159.8285,11.5983,1065.0
1166.9536,11.6695,1023.0
945.7868,9.4579,517.0
2275.2779,22.7528,2568.0
1976.6379,19.7664,586.0
1105.8163,11.0582,1363.0
1757.6765,17.5768,1792.0
2159.9775,21.5998,2066.0
1792.5603,17.9256,2143.0
722.1019,7.221,760.0
2246.1355,22.4614,2510.0
2344.1066,23.4411,2477.0
737.0643,7.3706,960.0
2337.4088,23.3741,2529.0
2295.8378,22.9584,2413.0
1063.021,10.6302,841.0
996.8696,9.9687,1001.0
1782.0758,17.8208,1833.0
1746.7975,17.468,1989.0
2307.1358,23.0714,2529.0
1683.9761,16.8398,1911.0
883.7512,8.8375,830.0
766.0213,7.6602,820.0
821.6085,8.2161,610.0
2296.2687,22.9627,2605.0
765.4704,7.6547,1086.0
2212.0511,22.1205,2277.0
1111.7043,11.117,231.0
1916.6145,19.1661,1359.0
1851.3536,18.5135,2121.0
333.5873,3.3359,401.0
1788.0164,17.8802,2440.0
1178.1576,11.7816,1323.0
1694.8172,16.9482,1984.0
2021.4828,20.2148,2011.0
1167.5338,11.6753,1318.0
1417.0209,14.1702,1301.0
2002.4701,20.0247,2319.0
